[
  {
    "name": "set",
    "requirements": [
      "set.h",
      "set.cpp"
    ],
    "dependencies": [
      "test_set.cpp",
      "doctest.h"
    ],
    "analysis": "set.md"
  },
  {
    "name": "map",
    "requirements": [
      "map.h",
      "map.cpp"
    ],
    "dependencies": [
      "test_map.cpp",
      "doctest.h"
    ],
    "analysis": "map.md"
  },
  {
    "name": "sequence",
    "requirements": [
      "sequence.h",
      "sequence.cpp"
    ],
    "dependencies": [
      "test_sequence.cpp",
      "doctest.h"
    ],
    "analysis": "sequence.md"
  }
]